<?xml version="1.0" encoding="UTF-8"?>
<!--
   Licensed to the Apache Software Foundation (ASF) under one
   or more contributor license agreements.  See the NOTICE file
   distributed with this work for additional information
   regarding copyright ownership.  The ASF licenses this file
   to you under the Apache License, Version 2.0 (the
   "License"); you may not use this file except in compliance
   with the License.  You may obtain a copy of the License at

     https://www.apache.org/licenses/LICENSE-2.0

   Unless required by applicable law or agreed to in writing,
   software distributed under the License is distributed on an
   "AS IS" BASIS, WITHOUT WARRANTIES OR CONDITIONS OF ANY
   KIND, either express or implied.  See the License for the
   specific language governing permissions and limitations
   under the License.
-->
<project basedir="." default="all" name="Fortress Sample Data">
    <taskdef classname="org.apache.directory.fortress.core.ant.FortressAntTask" name="FortressAdmin" >
        <classpath path="${java.class.path}"/>
    </taskdef>

    <target name="all">
        <FortressAdmin>

            <addadminrole>
                <role name="ar1" description="Test Admin Role 1 for hierarchies"/>
                <role name="ar2" description="Test Admin Role 2 for hierarchies"/>
                <role name="ar3" description="Test Admin Role 3 for hierarchies"/>
                <role name="ar4" description="Test Admin Role 4 for hierarchies"/>
            </addadminrole>

            <addadminroleinheritance>
                <relationship child="ar2" parent="ar1"/>
                <relationship child="ar3" parent="ar1"/>
                <relationship child="ar4" parent="ar1"/>
            </addadminroleinheritance>

           <deladminrole>
               <role name="ar1"/>
               <role name="ar2"/>
               <role name="ar3"/>
               <role name="ar4"/>
           </deladminrole>

            <deladminroleinheritance>
                <relationship child="ar2" parent="ar1"/>
                <relationship child="ar3" parent="ar1"/>
                <relationship child="ar4" parent="ar1"/>
            </deladminroleinheritance>

         </FortressAdmin>
    </target>
</project>
